{
    "acc": 0.6814024390243902,
    "pre": 0.6335877862595419,
    "recall": 0.3401639344262295,
    "f1_score": 0.44266666666666665
}