{
    "accuracy": 0.6826042726347915,
    "precision": 0.6377551020408163,
    "recall": 0.34153005464480873,
    "f1_score": 0.44483985765124556
}
